CHEM_METHOD,DETERMINATION_CODE_RD,DIGESTION_CODE_RD,FUSION_TYPE
ACXRF001,XRF,FU,
ACXRF002,XRF,FU,
4BTD,ICP-MS,AR,LB-F
4BWR,ICP-MS,AR,LB-F
4AWR,ICP-OES,FU,LB-F
4ALC,LECO,COMB,
4ALO,GRAV,,
3BFG,ICP-OES,FA,
3BMS,ICP-MS,FA,
G1EX,ICP-MS,4A,
4A/4B,ICP-MS/OES,4A,
1AV,ICP-MS,AR,
1F-MS,ICP-MS,AR,
AQ200,ICP-MS,AR,
LF100,ICP-MS,FU,
LF700,XRF,FU,
1DX,ICP-MS,AR,
VG101,ICP-MS,AR,
7TDA,ICP-MS,4A,
TC000,LECO,COMB,
LF300,ICP-MS,FU,LB-F
MA270,ICP-MS/OES,MA,
ES3,,,
ES1,,,
ES4,,,
ES2,,,
ES6,,,
FUS-ICPMS,ICP-MS,FU,
IC587,ICP-AES,4A,
M275,ICP-AES,FU,LB-F
MS532,ICP-MS,MA,
IC586,ICP-AES,4A,
IC588,ICP-AES,SE,
PM204,AAS,AR,
ICP43,ICP-MS,AR,
OG46,ICP-AES,MA,
AA21,AAS,FA,
AA25,AAS,FA,
Au-TL44,ICP-MS,AR,
ME-XRF11b,XRF,FU,
AA26,AAS,FA,
Au-AA23,AAS,FA,
ME-OG62,ICP-AES,4A,
ME-ICP41s,ICP-OES,AR,
ME-ICP81x,ICP-AES,FU,PEROX-F
ME-ICPDil,ICP-AES,N/S,
ME-MS61U,ICP-MS,4A,
Au-ST44,ICP-MS,AR,
ME-ICP62s,ICP-AES,4A,
ME-XRF21h,XRF,DTR,
ME-GRA05h,GRAV,,
ME-XRF15b,XRF,FU,
ME-MS82,ICP-MS/AES,4A,
Cu-AA17s,AAS,BLEG,
ME-MS81u,ICP-MS,FU,LB-F
ME-ICP61s,ICP-AES,4A,
ME-XRF11n,XRF,FU,
ME-MS23,ICP-MS,BLEG,
TL43,ICP-MS,GLEG,
Au-CN11,ICP-MS,BLEG,
Au-CN11M,ICP-MS,BLEG,
Cu-AA17t,AAS,BLEG,
ME-XRF21n,XRF,FU,
Au-AA26,AAS,FA,
Au-ZF42,AAS,AR,
ME-ICP43,ICP-AES,AR,
ME-ICP85,ICP-AES,FU,
ME-GRA05,XRF,FU,LB-F
Au-AA25,AAS,FU,
ME-MS62,ICP-MS,4A,
ME-MS61,ICP-AES,4A,
Au-TL43,AAS,AR,
ME-MS41,ICP-AES,AR,
ME-ICP61,ICP-AES,4A,
PGM-ICP27,ICP-MS,FA,
ME-ICP06,ICP-AES,FU,
OA-GRA05,GRAV,,
ME-MS42,ICP-MS,AR,
ME-MS81,ICP-MS,FU,
C-IR07,LECO,COMB,
S-IR08,LECO,COMB,
Au-AA21,AAS,FA,
AA46,ICP-MS/AES,AR,
OG62,ICP-MS/AES,4A,
U-XRF05,XRF,PP,
ME-XRF05,XRF,FU,
Sn-XRF07,XRF,PP,
OG43,AAS,AR,
PGM-ICP23,ICP-AES,FA,
Au-AA22,AAS,FA,
OG49,ICP-MS,AR,
AA23,AAS,FA,
TOT-ICP06,ICP-AES,FU,
PGM-ICP24,ICP-MS,FA,
ME-MS62s,ICP-AES,4A,
ME-XRF12n,XRF,FU,
Ag-GRA23,GRAV,,
Au-ICP22,ICP-AES,FA,
F-ELE82,SIE,FU,NaOH-F
ME-MS43,ICP-MS,AR,
ME-XRF11,XRF,FU,
ME-MS85,ICP-MS,FU,LB-F
ST43L-PKG,ICP-MS/AES,AR,
Au-ST43,ICP-MS,AR,
ME-4ACD81,ICP-MS,FU,LB-F
F-ELE81a,SIE,FU,KOH-F
F-IC881,IC,FU,KOH-F
Au-SCR22AA,AAS,FA,
ME-SCRPH22,,,
ME-ICP44,ICP-AES,AR,
ME-XRF11s,XRF,FU,
OA-GRA05t,GRAV,,
Cu-OG62,ICP-AES,4A,
Ag-OG62,ICP-AES,4A,
ME-ICP41,ICP-AES,AR,
ME-MS17,ICP-MS,MMI,
PGM-MS23,ICP-MS,FA,
ME-MS08,ICP-MS,MMI,
ME-MS18,ICP-MS,MMI,
Au-CN12,AAS,BLEG,
ME-MS61r,ICP-MS,4A,
ME-MS61L,ICP-MS/AES,4A,
Au-ICP21,ICP-MS/AES,FA,
ME-ICP61a,ICP-AES,4A,
ME-MS41L,ICP-MS,AR,
AA10,AAS,AR,
XRF6,XRF,FU,
IC1M,ICP-MS,PERC,
IC8/11,ICP-MS,MMI,
ARM2,ICP-OES,AR,
IC8M/11,ICP-MS,MMI,
IC8M/5,ICP-MS,MMI,
IC8M/35,ICP-MS,MMI,
IC8/35,ICP-MS,MMI,
IC8/3,ICP-MS,MMI,
IC8/5,ICP-MS,MMI,
IC8/20,ICP-MS,MMI,
IC10M,ICP-MS,AR,
MET1,ICP-MS,N/S,
ARM3,ICP-MS,AR,
AA1R,AAS,PERC,
AA1SCR,AAS,AR,
XRF4,XRF,FU,
IC3B,ICP-OES,MA,
IND6,ICP-MS,HNO3 digest,
IC8/26,ICP-MS,MMI,
MET6A,LECO,COMB,
ARM10,ICP-OES,AR,
IC8/42,ICP-MS,MMI,
IC8/16,ICP-MS,MMI,
IC8/19,ICP-MS,MMI,
IC8/32,ICP-MS,MMI,
XRF4A,XRF,FU,
GRAV5A,GRAV,,
GRAV6,GRAV,,
ARM20,ICP-MS/OES,AR,
SI-XRF,XRF,FU,
TGA,GRAV,,
ARM50,ICP-MS/OES,AR,
LW500,,,
IC4BHP,ICP-OES,FU,LB-F
MET5B,,,
NQ0796,XRF,DTR,
MET1M,,,
MET2A,,,
IC16M,ICP-MS,AR,
IC4PHR,ICP-MS/OES,FU,LB-F
MET1PH,ICP-MS,N/S,
A3,AAS,PERC,
ORE5/5,,,
S1,SE,N/S,
S2,SE,N/S,
O1,,,
R3/3,,,
IC1R,ICP-OES,PERC,
C3/2,AAS,AR,
C3/4,AAS,AR,
C4,AAS,HF,
IC8/17,ICP-MS,MMI,
IC8/38,ICP-MS,MMI,
LA-ICPMS,LA-ICP-MS,LA,
GG337,AAS,FA,
115,AAS,AR,
A603,AAS,AR,
I104,ICP-OES,4A,
P603,AAS,AR,
P625,AAS,AR,
GG335,AAS,AR,
F650,AAS,FA,
P649,AAS,AR,
A102,AAS,3A,
GG336,AAS,AR,
X408,XRF,FU,
A101,ICP-AES,AR,
A105,AAS,4A,
A625,AAS,AR,
AAS101,AAS,PERC,
XRF401,XRF,PP,
ICP201,ICP-MS,3A,
ICP-MS,ICP-MS,N/S,
GG334,AAS,AR,
HA101,AAS,PERC,
HA117,AAS,AR,
GA114,AAS,PERC,
GA201,AAS,MA,
PM222,AAS,BLEG,
B/ETA,AAS,AR,
GA115,AAS,AR,
GG115,AAS,AR,
GG308,AAS,BLEG,
MMI,ICP-MS,MMI,
MS801,ICP-MS,MMI,
GA142,AAS,AR,
GG314,AAS,FA,
GS334,AAS,AR,
DNA,DNAA,,
LECO,LECO,COMB,
PM3,AAS,AR,
XF100,XRF,FU,LB-F
TG002,GRAV,,
TG001,GRAV,,
TG003,GRAV,,
PF102,ICP-MS,FU,PEROX-F
FA001,AAS,FA,
XF103,XRF,FU,LB-F
LA101,ICP-MS,FU,LB-F
TC003,LECO,COMB,
GC007,SIE,FU,CO3-F
PF101,ICP-AES,FU,PEROX-F
ARM40,,,
LB100,CALC,,
LB101,ICP-AES,FU,LB-F
LB102,ICP-MS,FU,LB-F
MA201,ICP-AES,MA,
MA202,ICP-MS,MA,
XRF4B,XRF,FU,LB-F
MA102,ICP-AES,MA,
MA101,ICP-MS,MA,
BLEG1,AAS,BLEG,
COL4,COL,MA,
P-XRF,pXRF,N/S,
TIT,TIT,N/S,
Calc,CALC,,
FUS-XRF,XRF,FU,
PP-XRF,XRF,PP,
AR-FA,FA,AR,
MMI-FA,FA,MMI,
TOT-FA,FA,FU,
TOT-ICPMS,ICP-MS,FU,
AR-ICPMS,ICP-MS,AR,
MMI-ICPMS,ICP-MS,MMI,
TOT-ISE,SIE,FU,
AR-ISE,SIE,AR,
MMI-ISE,SIE,MMI,
TOT-XRF,XRF,FU,
AR-XRF,XRF,AR,
MMI-XRF,XRF,MMI,
CALC-XRF,CALC,,
B/AAS,AAS,AR,
A/OES,ICP-OES,4A,
B/MS,ICP-MS,AR,
B/OES,ICP-OES,AR,
CN.1/MS,ICP-MS,BLEG,
BT/OES,ICP-OES,AR,
RO/ETA,AAS,AR,
AT/MS,ICP-MS,4A,
AT/OES,ICP-OES,4A,
FA25/AAS,AAS,FA,
FA50/AAS,AAS,FA,
RB/AAS,AAS,AR,
B/SAAS,AAS,AR,
FA25/MS,ICP-MS,FA,
D/OES,ICP-OES,FU,PEROX-F
FA/SAAS,AAS,FA,
FA/MS,ICP-MS,FA,
B5/ETA,AAS,AR,
B5/OES,ICP-OES,AR,
B25/MS,ICP-MS,AR,
B25/OES,ICP-OES,AR,
BT/EOES,ICP-OES,AR,
B25/EETA,AAS,AR,
CM/CVAP,ASS,PERC,
AX/AAS,AAS,4A,
C/AAS,AAS,2A,
C/OES,ICP-OES,2A,
PP/XRFa,XRF,PP,
M/OES,ICP-OES,3A,
B25/AAS,AAS,AR,
AT/AAS,AAS,4A,
TL1/AAS,AAS,TL,
TL1/MS,ICP-MS,TL,
B5/SAAS,AAS,AR,
FB6/OE,ICP-OES,FU,LB-F
FC7/SIE,SIE,FU,CO3-F
4A/OE,ICP-OES,4A,
4A/MS,ICP-MS,4A,
AX/OES,ICP-OES,4A,
DP/OES,ICP-OES,FU,PEROX-F
FB6/MS,ICP-MS,FU,LB-F
CN4/MS,ICP-MS,BLEG,
MA/ICP-OES,ICP-OES,MA,
FS/ICP-OES,ICP-OES,FU,
COMB,LECO,COMB,
FA25/OES,ICP-OES,FA,
FA25N/SAAS,AAS,FA,
D/MS,ICP-MS,FU,PEROX-F
AT/EOES,ICP-OES,4A,
TL3/MS,ICP-MS,TL,
TL3/AAS,AAS,TL,
B25/SAAS,AAS,AR,
TL6/MS,ICP-MS,TL,
TL6/AAS,AAS,TL,
AR10/SAA,AAS,AR,
4AB/OE,ICP-OES,4A,
4AB/MS,ICP-MS,4A,
FA25/AA,AAS,FA,
AR25/SAA4A,AAS,AR,
4AHBr/OE,ICP-OES,4A,
A/AAS,AAS,4A,
FP6/MS,ICP-MS,FU,PEROX-F
FP6/OE,ICP-OES,FU,PEROX-F
BVeg/OES,ICP-OES,AR,
BVeg/MS,ICP-MS,AR,
LOI/GR,GRAV,,
3AT/OE,ICP-OES,3A,
3AT/MS,ICP-MS,3A,
3A/OE,ICP-OES,3A,
3AH/OE,ICP-OES,3A,
MX/OES,ICP-OES,MA,
AR25/OES,ICP-OES,AR,
AR10OES,ICP-OES,AR,
AR10MS,ICP-MS,AR,
FA25/SAAS,AAS,FA,
FS/XRF10,XRF,FU,
BT/AAS,AAS,AR,
ARU25/MS,ICP-MS,AR,
ARU25/OE,ICP-OES,AR,
TL9/MS,ICP-MS,TL,
TL8/OES,ICP-OES,TL,CO3-F
TL9/AAS,AAS,TL,
AR/ICPES,ICP-OES,AR,
AR10/OE,ICP-OES,AR,
SFA/MS,ICP-MS,FA,
B/EETA,AAS,AR,
TL4/AAS,AAS,TL,
FA50/MS,ICP-MS,FA,
DH/SIE,SIE,FU,CO3-F
CMB,,,
ARU10/MS,ICP-MS,AR,
FB1/XRF,XRF,FU,
C/MS,ICP-MS,PERC,
BT/ICP-MS,ICP-MS,AR,
TL8/MS,ICP-MS,TL,
100,,,
101,AAS,PERC,
102,AAS,3A,
103,AAS,3A,
104,AAS,4A,
114,AAS,PERC,
128,AAS,H2SO4,
129,FLUO,FU,NaCO2-F
1801,NAA,,
201,ICP-OES,3A,
202,ICP-OES,FU,PEROX-F
204,ICP-OES,MA,
207,,,
2I,,,
326,AAS,FA,
329,AAS,AR,
334,AAS,AR,
336,AAS,AR,
401,XRF,PP,
402,,,
613,LECO,COMB,
A/MS,ICP-MS,4A,
A1,,,
A1/1.2,,,
A2,,,
A7/1,,,
A7/2,,,
A7/3,,,
AA,,,
AA1,AAS,PERC,
AA1A,AAS,PERC,
AA3,AAS,4A,
AA6,AAS,AR,
AA6H,AAS,AR,
AA8,AAS,AR,
AA9,AAS,AR,
AAS,AAS,N/S,
AAS/PAD,AAS,N/S,
AAS1,AAS,N/S,
"AAS1,AAS1A",AAS,N/S,
AAS2,AAS,N/S,
"AAS2,AAS2A",AAS,N/S,
AAS3,AAS,N/S,
AAS5,AAS,N/S,
AAS5A,AAS,N/S,
AAS7,AAS,N/S,
AAS8,AAS,N/S,
AAS9,AAS,N/S,
AASM,AAS,N/S,
AES,ICP-AES,N/S,
AESM,ICP-AES,N/S,
ARM1,ICP-MS,AR,
ASS,AAS,N/S,
AU20,AAS,AR,
AqReg/AAS,AAS,AR,
BLEG,N/S,BLEG,
C1,,,
C3,,,
C3/3,,,
CHEC,,,
CHEM,,,
CIP,,,
COL,COL,N/S,
ES,ICP-OES,N/S,
FA,N/S,FA,
FA/ CARBON,AAS,FA,
FA1,AAS,FA,
FA2,AAS,FA,
FA3,AAS,FA,
FAS,AAS,FA,
FAS1,N/S,FA,
FAS1?,N/S,FA,
FAS2,N/S,FA,
FIRE,N/S,FA,
FIRE/AAS,AAS,FA,
GRAV,GRAV,,
H1,,,
H3,,,
I2,,,
I3,,,
IC,,,
IC1,ICP-OES,PERC,
IC1E,ICP-OES,PERC,
IC2,ICP-OES,AR,
IC2E,ICP-OES,AR,
IC2M,ICP-MS,AR,
IC3,ICP-OES,MA,
IC3E,ICP-OES,MA,
IC3M,ICP-MS,MA,
IC3R,ICP-MS,MA,
IC4,ICP-OES,FU,LB-F
IC4A,ICP-OES,FU,LB-F
IC4E,ICP-OES,FU,LB-F
IC4M,ICP-MS,FU,LB-F
IC58,,,
ICP,,,
ICP-,,,
ICP/MS,ICP-MS,N/S,
ICP/WCM,,,
ICP1,,,
ICP2,,,
ICP5,,,
ICP8,,,
ICPL,,,
ICPM,ICP-MS,N/S,
LOI,,,
MS,,,
MS53,,,
MSID,,,
NAA,NAA,,
O,,,
OES,ICP-OES,N/S,
OI1,ICP-OES,PERC,
PAD,,,
PM,,,
PM21,,,
QEM,,,
RF1,,,
SIE,SIE,N/S,
SPEC,,,
SPECT,,,
V,,,
VAP/HYD,,,
VOL1,VOL,N/S,
VOL2,VOL,N/S,
X1,,,
XRD,XRD,N/S,
XRF,XRF,N/S,
XRF1,XRF,PP,
XRF3,XRF,N/S,
XRFJ,XRF,N/S,
XRFO,XRF,N/S,
XRF-4,XRF,PP,
VOL,VOL,N/S,
D3(a),,,
EMISSPECT,,,
Scan/201,,,
UKN,UKN,,
C2,,,
C1/C2,,,
AAS1B,AAS,N/S,
AAS6,AAS,N/S,
AAS/AQ REG,AAS,AR,
Electrode,,,
CRUCIBLE,,,
309,AAS,FA,
124,COL,MA,
FAS4,N/S,FA,
AAS5C,AAS,N/S,
TITRATION,TIT,N/S,
AAHYD,AAS,N/S,
SUBLIM,,,
AAS5B,AAS,N/S,
D2(a),,,
XRF-1,XRF,PP,
D5/50,,,
K4/1,,,
E4,,,
335,AAS,AR,
D5/20,,,
D5720,,,
A6/3,,,
ROC,,,
ICP-OES,ICP-OES,N/S,
A1/1,,,
AqReg/ C,N/S,AR,
FIRE-AAS,AAS,FA,
FA/ICP,ICP-OES,FA,
AAS/HYD,AAS,N/S,
GA101,AAS,PERC,
GG329,AAS,AR,
SPEC.,,,
B1,,,
C3/1,,,
BLEG2,ICP-MS,BLEG,
FLUOR,FLUOR,N/S,
DITHIOL,,,
Scan,,,
Dithiol,,,
Gallein,,,
Spectro.,,,
"A1/1, 2",,,
XRF1/2,XRF,PP,
AAS1/1A,AAS,N/S,
"A1/1,2",,,
X3,,,
A2/4,,,
A1/AAS,AAS,N/S,
A4/AAS,AAS,N/S,
SPEC/AAS,AAS,N/S,
A1.3/AAS,AAS,N/S,
AAS2/2A,AAS,N/S,
ALS ?,,,
ACS AAS,AAS,N/S,
"A1/2,A2/2",,,
AMDEL C1/2,,,
ALS CODE 1,,,
ALS XRF-1B,XRF,N/S,
ALS XRF-1C,XRF,N/S,
ALS CODE 2,,,
ALS CODE5B,,,
ALS CODE 8,,,
COM AAS1,AAS,N/S,
COM AAS2,AAS,N/S,
COM AAS3,AAS,N/S,
COM AAS5,AAS,N/S,
COM AAS5A,AAS,N/S,
COM XRF1,XRF,PP,
COM ?,,,
ACS ?,,,
SPECTRO,,,
ANA AAS1,AAS,N/S,
ANA FAS1,N/S,FA,
INAA,INAA,,
COMAAS1/1A,AAS,N/S,
AMD AAS,AAS,N/S,
AMD I1 ICP,,,
AMD CODEB1,,,
AMD ?,,,
ANA 101,AAS,PERC,
ANA 334,AAS,AR,
ANA 401,XRF,PP,
ANA AAS101,AAS,PERC,
ANA GA140,AAS,AR,
COM AAS5B,AAS,N/S,
MASSPEC,,,
SRS,,,
COL7,COL,MA,
ICP  201,ICP-OES,3A,
GS201,,,
ICP  333,ICP-MS,FA,
CHM  601,AAS,MA,
AA7,AAS,AR,
FA3M,ICP-MS,FA,
GRAV4B,GRAV,,
SIE2,SIE,N/S,
SPECSCAN,,,
ACSA ?,,,
AMD A1/1,,,
AMD C1,,,
AMD C1/C2,,,
AMD FA1,AAS,FA,
AMD ICP1,,,
AMD C3/3,,,
AMD J3/2,,,
AMD K4/2,,,
AMD SQSCAN,,,
AMD X1,,,
ANA 103,AAS,3A,
ANA 313,AAS,FA,
ANA AAS,AAS,N/S,
ANA FAS,N/S,FA,
ANA GA101,AAS,PERC,
ANA GA115,AAS,AR,
ANA GG334,AAS,AR,
COM AAS,AAS,N/S,
SEL ICP1,,,
SEL SP1,,,
SPEC SCAN,,,
AMD XRF1,XRF,PP,
AMD XRF,XRF,PP,
GRAV4C,GRAV,,
GI211,,,
GG309,AAS,FA,
OX408,XRF,FU,
IC3EAR,ICP-OES,AR,
GX401,XRF,PP,
GI201,ICP-OES,3A,
GS333,ICP-MS,FA,
OA601,AAS,MA,
GI142,ICP-OES,AR,
GI140,ICP-OES,AR,
GA140,AAS,AR,
GA107,AAS,AR,
IC4R,ICP-OES,FU,LB-F
TBE,,,
GS332,GRAV,FA,
XRF2,XRF,PP,
GRAV7,GRAV,,
IC8M,ICP-MS,MMI,
ALS ICPAES,ICP-AES,4A,
ALS A/A/C,AAS,AR,
ALS SOLV,ICP-AES,SE,
ALS XRF/B,XRF,PP,
AMD AA9,AAS,AR,
AMD BLEG2,ICP-MS,BLEG,
AMD FA3,AAS,FA,
AMD IC1E,ICP-OES,PERC,
AMD IC2E,ICP-OES,AR,
AMD IC3E,ICP-OES,MA,
AMD XRF1S,XRF,PP,
ANA AAS/VH,AAS,N/S,
ANA ICPMS,ICP-MS,4A,
ANA ICPOES,ICP-OES,4A,
ANA PA/AAS,AAS,PERC,
ANA P/H/A,AAS,PERC,
ANA A/P/I,ICP-OES,AR,
ANA GG313,AAS,FA,
ANA GI142,AAS,AR,
ANA ICP-MS,ICP-MS,N/S,
ANA ICPOE2,ICP-OES,N/S,
ANA UNSPEC,,,
PERC/AAS,AAS,PERC,
PERC/H/AAS,AAS,PERC,
ORE2/1,,,
ICP3,,,
GI313,AAS,FA,
XRF1S,XRF,PP,
CALC,,,
GRAV4A,GRAV,,
ANA GA114,AAS,PERC,
ANA GI222,ICP-MS,3A,
BLEG1C,ICP-MS,BLEG,
IC2EC,ICP-OES,AR,
ALS PM216,AAS,AR,
1,N/S,BLEG,
GLS B/HYD,,,
GLS B/AAS,AAS,AR,
GLS FAS,N/S,FA,
AMD ICP2,,,
COM AAS5C,AAS,N/S,
COM AAS3A,AAS,N/S,
COM FAS1,,,
COM ROC1,,,
GG313,AAS,FA,
GA104,AAS,4A,
GX403,XRF,FU,
COM COL1,COL,MA,
AAS5D,AAS,N/S,
AA2,AAS,AR,
MET7A,,,
"""A1/1,2""",,,
AAS4,AAS,N/S,
AMD AA1,AAS,PERC,
AMD AA2,AAS,AR,
AMD IC3M,ICP-MS,MA,
AMD IC3R,ICP-MS,MA,
AMD IC4,ICP-OES,FU,LB-F
AMD IC4E,ICP-OES,FU,LB-F
AMD IC4M,ICP-MS,FU,LB-F
AMD XRF 1S,XRF,PP,
ANA GX401,XRF,PP,
ANA OX408,XRF,FU,
COM AAS4,AAS,N/S,
COM AAS7,AAS,N/S,
COM COL4,COL,MA,
MS587,ICP-MS,N/S,
VOL1A,VOL,N/S,
AA10C,AAS,AR,
F651,AAS,FA,
M104,ICP-MA,4A,
I151,ICP-OES,FU,LB-F
E1052,,,
V988,,,
SIE4,SIE,N/S,
SIE6,SIE,N/S,
N701,NAA,,
SIE3,SIE,FU,
EVAP,,,
FIA,,,
FICR,,,
FIS,,,
GCMS,,,
ISE,SIE,N/S,
Labmeter,,,
Ncal,,,
PO,,,
TitrA,,,
TOCAA,,,
IND6F,,,
AG4,,,
FA3E,AAS,FA,
XRF1L,XRF,PP,
EMP,EMP,,
EC,,,
AAS114,AAS,PERC,
FP,,,
PLA,,,
RAD,,,
SEM,SEM,,
ICP222,ICP-MS,3A,
ICP-AES,ICP-AES,N/S,
UCalGam,,,
UCalPfn,,,
LST,,,
EXPL 110,,,
EXPLGR135G,,,
METHOD 1,,,
PAL,AAS,BLEG,
XRFInnovX,pXRF,,
METHOD 3,,,
ARN-10,,,
METHOD 2,,,
CSA,LECO,COMB,
FA25/OE,ICP-OES,FA,
AR/AAS,AAS,AR,
ARSTEP,,,
101B,AAS,PERC,
U5,,,
NITRIC/AAS,AAS,Nitric,
HR ICP-MS,ICP-MS,N/S,
G140I,ICP-OES,AR,
G400M,ICP-OES,4A,
G400I,ICP-MS,4A,
G950M,ICP-MS,Nitric,
FAPMM,AAS,FA,
G140B,ICP-OES,FU,PEROX-F
C110,GRAV,,
FUSION,ICP-MS/OES,FU,LB-F
4ACID,ICP-MS/OES,4A,
AR,ICP-OES,AR,
IRC,LECO,COMB,
BF-XRF,XRF,FU,LB-F
AR050,AAS,AR,
B010,ICP-OES,AR,
PE01S,AAS,FA,
XRF01,XRF,PP,
XRFNiton,pXRF,,
FAA505,AAS,AR,
AAS21R,AAS,MA,
XRF78S,XRF,FU,
FAM303,ICP-MS,FA,
ICP40Q,ICP-OES,4A,
ICP41Q,ICP-OES,4A,
PFN,PFN,,
ICP-MS MA,ICP-MS,MA,
ICP-MS FSA,ICP-MS,FU,PEROX-F
ICP-OES MA,ICP-OES,MA,
ICP-MS CN,ICP-MS,BLEG,
ICP-OESFSA,ICP-OES,FU,PEROX-F
FA003,ICP-MS,AR,
ICP102,ICP-OES,MA,
ICP302,ICP-MS,MA,
SCAN1MS,ICP-MS,MA,
SCAN1OES,ICP-OES,MA,
XRF202,XRF,FU,
FA002,ICP-OES,FA,
AR102,ICP-OES,AR,
PAR1,N/S,HCl,
AR101,,,
AR002,,,
COMPOSITE,"AAS, XRF, INAA, DCOES, SSMS, IDMS, DNAA",,
AUSL1,AAS,AR,
GRFAA,AAS,HF,
